chebi_id	chebi_name	mode	db	db_id	db_name
CHEBI:101086	EC 5.4.99.7 (lanosterol synthase) inhibitor	enzyme	ec-code	5.4.99.7	5.4.99.7
CHEBI:101090	EC 5.4.99.* (intramolecular transferase transferring other groups) inhibitor	enzyme	ec-code	5.4.99	5.4.99
CHEBI:102248	EC 1.14.11.29 (hypoxia-inducible factor-proline dioxygenase) inhibitor	enzyme	ec-code	1.14.11.29	1.14.11.29
CHEBI:102368	EC 2.6.1.40 [(R)-3-amino-2-methylpropionate--pyruvate transaminase] inhibitor	enzyme	ec-code	2.6.1.40	2.6.1.40
CHEBI:110725	EC 2.1.1.8 (histamine N-methyltransferase) inhibitor	enzyme	ec-code	2.1.1.8	2.1.1.8
CHEBI:131699	EC 2.7.7.7 (DNA-directed DNA polymerase) inhibitor	enzyme	ec-code	2.7.7.7	2.7.7.7
CHEBI:131734	EC 2.7.11.20 (elongation factor 2 kinase) inhibitor	enzyme	ec-code	2.7.11.20	2.7.11.20
CHEBI:131770	EC 3.6.3.49 (channel-conductance-controlling ATPase) inhibitor	enzyme	ec-code	3.6.3.49	3.6.3.49
CHEBI:131794	EC 2.7.11.17 (Ca(2+)/calmodulin-dependent protein kinase) inhibitor	enzyme	ec-code	2.7.11.17	2.7.11.17
CHEBI:131844	EC 1.14.11.1 (gamma-butyrobetaine dioxygenase) inhibitor	enzyme	ec-code	1.14.11.1	1.14.11.1
CHEBI:131961	EC 1.13.11.11 (tryptophan 2,3-dioxygenase) inhibitor	enzyme	ec-code	1.13.11.11	1.13.11.11
CHEBI:132365	EC 1.14.11.2 (procollagen-proline dioxygenase) inhibitor	enzyme	ec-code	1.14.11.2	1.14.11.2
CHEBI:132518	EC 3.2.1.23 (beta-galactosidase) inhibitor	enzyme	ec-code	3.2.1.23	3.2.1.23
CHEBI:132771	EC 3.6.5.* (hydrolases acting on GTP; involved in cellular and subcellular movement) inhibitor	enzyme	ec-code	3.6.5	3.6.5
CHEBI:132772	EC 3.6.5.5 (dynamin GTPase) inhibitor	enzyme	ec-code	3.6.5.5	3.6.5.5
CHEBI:133811	EC 2.4.1.17 (glucuronosyltransferase) inhibitor	enzyme	ec-code	2.4.1.17	2.4.1.17
CHEBI:133895	EC 2.5.1.46 (deoxyhypusine synthase) inhibitor	enzyme	ec-code	2.5.1.46	2.5.1.46
CHEBI:134084	EC 1.15.1.1 (superoxide dismutase) inhibitor	enzyme	ec-code	1.15.1.1	1.15.1.1
CHEBI:134109	EC 3.5.1.108 (UDP-3-O-acyl-N-acetylglucosamine deacetylase) inhibitor	enzyme	ec-code	3.5.1.108	3.5.1.108
CHEBI:134545	EC 1.8.1.4 (dihydrolipoyl dehydrogenase) inhibitor	enzyme	ec-code	1.8.1.4	1.8.1.4
CHEBI:136537	EC 2.4.2.8 (hypoxanthine phosphoribosyltransferase) inhibitor	enzyme	ec-code	2.4.2.8	2.4.2.8
CHEBI:136558	EC 1.11.1.7 (peroxidase) inhibitor	enzyme	ec-code	1.11.1.7	1.11.1.7
CHEBI:136984	EC 4.4.1.14 (1-aminocyclopropane-1-carboxylate synthase) inhibitor	enzyme	ec-code	4.4.1.14	4.4.1.14
CHEBI:137123	EC 2.7.11.30 (receptor protein serine/threonine kinase) inhibitor	enzyme	ec-code	2.7.11.30	2.7.11.30
CHEBI:137566	EC 2.5.1.48 (cystathionine gamma-synthase) inhibitor	enzyme	ec-code	2.5.1.48	2.5.1.48
CHEBI:137626	EC 1.1.1.146 (11beta-hydroxysteroid dehydrogenase) inhibitor	enzyme	ec-code	1.1.1.146	1.1.1.146
CHEBI:138014	EC 3.4.22.56 (caspase-3) inhibitor	enzyme	ec-code	3.4.22.56	3.4.22.56
CHEBI:138390	EC 1.1.1.159 (7alpha-hydroxysteroid dehydrogenase) inhibitor	enzyme	ec-code	1.1.1.159	1.1.1.159
CHEBI:138920	EC 6.3.5.* (carbon-nitrogen ligases with glutamine as amido-N-donor) inhibitor	enzyme	ec-code	6.3.5	6.3.5
CHEBI:138921	EC 6.3.5.5 [carbamoyl-phosphate synthase (glutamine-hydrolysing)] inhibitor	enzyme	ec-code	6.3.5.5	6.3.5.5
CHEBI:138924	EC 6.3.4.* (other carbon--nitrogen ligases) inhibitor	enzyme	ec-code	6.3.4	6.3.4
CHEBI:138925	EC 6.3.4.2 [CTP synthase (glutamine hydrolyzing)] inhibitor	enzyme	ec-code	6.3.4.2	6.3.4.2
CHEBI:138927	EC 6.3.5.3 (phosphoribosylformylglycinamidine synthase) inhibitor	enzyme	ec-code	6.3.5.3	6.3.5.3
CHEBI:138928	EC 6.3.5.2 [GMP synthase (glutamine-hydrolysing)] inhibitor	enzyme	ec-code	6.3.5.2	6.3.5.2
CHEBI:138938	EC 4.1.1.39 (ribulose-bisphosphate carboxylase) inhibitor	enzyme	ec-code	4.1.1.39	4.1.1.39
CHEBI:138952	EC 2.4.2.14 (amidophosphoribosyltransferase) inhibitor	enzyme	ec-code	2.4.2.14	2.4.2.14
CHEBI:138953	EC 6.3.5.1 [NAD(+) synthase (glutamine-hydrolysing)] inhibitor	enzyme	ec-code	6.3.5.1	6.3.5.1
CHEBI:138956	EC 6.3.5.4 [asparagine synthase (glutamine-hydrolysing)] inhibitor	enzyme	ec-code	6.3.5.4	6.3.5.4
CHEBI:139153	EC 2.4.1.255 (protein O-GlcNAc transferase) inhibitor	enzyme	ec-code	2.4.1.255	2.4.1.255
CHEBI:139338	EC 1.14.17.* (oxidoreductase acting on paired donors, with incorporation or reduction of molecular oxygen and with reduced ascorbate as one donor, and incorporation of one atom of oxygen) inhibitor	enzyme	ec-code	1.14.17	1.14.17
CHEBI:139339	EC 1.14.17.1 (dopamine beta-monooxygenase) inhibitor	enzyme	ec-code	1.14.17.1	1.14.17.1
CHEBI:139512	EC 1.3.1.9 [enoyl-[acyl-carrier-protein] reductase (NADH)] inhibitor	enzyme	ec-code	1.3.1.9	1.3.1.9
CHEBI:139556	EC 4.1.1.17 (ornithine decarboxylase) inhibitor	enzyme	ec-code	4.1.1.17	4.1.1.17
CHEBI:140378	EC 1.1.1.37 (malate dehydrogenase) inhibitor	enzyme	ec-code	1.1.1.37	1.1.1.37
CHEBI:142480	EC 1.14.14.94 (leukotriene-B4 20-monooxygenase) inhibitor	enzyme	ec-code	1.14.14.94	1.14.14.94
CHEBI:142481	EC 1.14.15.3 (alkane 1-monooxygenase) inhibitor	enzyme	ec-code	1.14.15.3	1.14.15.3
CHEBI:142581	EC 4.1.1.15 (glutamate decarboxylase) inhibitor	enzyme	ec-code	4.1.1.15	4.1.1.15
CHEBI:142781	EC 2.5.1.117 (homogentisate solanesyltransferase) inhibitor	enzyme	ec-code	2.5.1.117	2.5.1.117
CHEBI:142790	EC 3.3.2.10 (soluble epoxide hydrolase) inhibitor	enzyme	ec-code	3.3.2.10	3.3.2.10
CHEBI:143002	EC 2.1.3.* (carboxy- and carbamoyltransferases) inhibitor	enzyme	ec-code	2.1.3	2.1.3
CHEBI:143003	EC 2.1.3.3 (ornithine carbamoyltransferase) inhibitor	enzyme	ec-code	2.1.3.3	2.1.3.3
CHEBI:143828	EC 1.14.14.154 (sterol 14alpha-demethylase) inhibitor	enzyme	ec-code	1.14.14.154	1.14.14.154
CHEBI:143909	EC 2.7.1.40 (pyruvate kinase) inhibitor	enzyme	ec-code	2.7.1.40	2.7.1.40
CHEBI:20569	EC 2.5.1.19 (3-phosphoshikimate 1-carboxyvinyltransferase) inhibitor	enzyme	ec-code	2.5.1.19	2.5.1.19
CHEBI:22180	EC 2.2.1.6 (acetolactate synthase) inhibitor	enzyme	ec-code	2.2.1.6	2.2.1.6
CHEBI:23018	EC 4.2.1.1 (carbonic anhydrase) inhibitor	enzyme	ec-code	4.2.1.1	4.2.1.1
CHEBI:24319	EC 6.3.1.2 (glutamate--ammonia ligase) inhibitor	enzyme	ec-code	6.3.1.2	6.3.1.2
CHEBI:35457	EC 3.4.15.1 (peptidyl-dipeptidase A) inhibitor	enzyme	ec-code	3.4.15.1	3.4.15.1
CHEBI:35487	EC 1.2.1.3 [aldehyde dehydrogenase (NAD(+))] inhibitor	enzyme	ec-code	1.2.1.3	1.2.1.3
CHEBI:35544	EC 1.14.99.1 (prostaglandin-endoperoxide synthase) inhibitor	enzyme	ec-code	1.14.99.1	1.14.99.1
CHEBI:35608	EC 3.1.3.48 (protein-tyrosine-phosphatase) inhibitor	enzyme	ec-code	3.1.3.48	3.1.3.48
CHEBI:35625	EC 3.5.2.6 (beta-lactamase) inhibitor	enzyme	ec-code	3.5.2.6	3.5.2.6
CHEBI:35634	EC 1.17.3.2 (xanthine oxidase) inhibitor	enzyme	ec-code	1.17.3.2	1.17.3.2
CHEBI:35664	EC 1.1.1.34/EC 1.1.1.88 (hydroxymethylglutaryl-CoA reductase) inhibitor	enzyme	ec-code	1.1.1.34/EC	1.1.1.34/EC
CHEBI:37153	EC 3.1.3.16 (phosphoprotein phosphatase) inhibitor	enzyme	ec-code	3.1.3.16	3.1.3.16
CHEBI:37416	EC 2.7.7.6 (RNA polymerase) inhibitor	enzyme	ec-code	2.7.7.6	2.7.7.6
CHEBI:37700	EC 2.7.11.13 (protein kinase C) inhibitor	enzyme	ec-code	2.7.11.13	2.7.11.13
CHEBI:37733	EC 3.1.1.8 (cholinesterase) inhibitor	enzyme	ec-code	3.1.1.8	3.1.1.8
CHEBI:38317	EC 1.13.11.27 (4-hydroxyphenylpyruvate dioxygenase) inhibitor	enzyme	ec-code	1.13.11.27	1.13.11.27
CHEBI:38462	EC 3.1.1.7 (acetylcholinesterase) inhibitor	enzyme	ec-code	3.1.1.7	3.1.1.7
CHEBI:38500	EC 1.9.3.1 (cytochrome c oxidase) inhibitor	enzyme	ec-code	1.9.3.1	1.9.3.1
CHEBI:38503	EC 1.6.5.3 [NADH:ubiquinone reductase (H(+)-translocating)] inhibitor	enzyme	ec-code	1.6.5.3	1.6.5.3
CHEBI:38623	EC 1.4.3.4 (monoamine oxidase) inhibitor	enzyme	ec-code	1.4.3.4	1.4.3.4
CHEBI:48406	EC 2.1.1.6 (catechol O-methyltransferase) inhibitor	enzyme	ec-code	2.1.1.6	2.1.1.6
CHEBI:48550	EC 1.1.1.21 (aldehyde reductase) inhibitor	enzyme	ec-code	1.1.1.21	1.1.1.21
CHEBI:49200	EC 3.6.3.10 (H(+)/K(+)-exchanging ATPase) inhibitor	enzyme	ec-code	3.6.3.10	3.6.3.10
CHEBI:50218	EC 3.1.4.* (phosphoric diester hydrolase) inhibitor	enzyme	ec-code	3.1.4	3.1.4
CHEBI:50269	EC 1.1.1.1 (alcohol dehydrogenase) inhibitor	enzyme	ec-code	1.1.1.1	1.1.1.1
CHEBI:50276	EC 5.99.1.2 (DNA topoisomerase) inhibitor	enzyme	ec-code	5.99.1.2	5.99.1.2
CHEBI:50382	EC 2.4.1.80 (ceramide glucosyltransferase) inhibitor	enzyme	ec-code	2.4.1.80	2.4.1.80
CHEBI:50390	EC 1.6.5.2 [NAD(P)H dehydrogenase (quinone)] inhibitor	enzyme	ec-code	1.6.5.2	1.6.5.2
CHEBI:50423	EC 1.6.3.1. [NAD(P)H oxidase (H2O2-forming)] inhibitor	enzyme	ec-code	1.6.3.1.	1.6.3.1.
CHEBI:50445	EC 3.5.4.4 (adenosine deaminase) inhibitor	enzyme	ec-code	3.5.4.4	3.5.4.4
CHEBI:50469	EC 3.1.1.4 (phospholipase A2) inhibitor	enzyme	ec-code	3.1.1.4	3.1.1.4
CHEBI:50502	EC 2.5.1.15 (dihydropteroate synthase) inhibitor	enzyme	ec-code	2.5.1.15	2.5.1.15
CHEBI:50568	EC 3.1.4.17 (3',5'-cyclic-nucleotide phosphodiesterase) inhibitor	enzyme	ec-code	3.1.4.17	3.1.4.17
CHEBI:50627	EC 3.2.1.1 (alpha-amylase) inhibitor	enzyme	ec-code	3.2.1.1	3.2.1.1
CHEBI:50635	EC 3.5.1.5 (urease) inhibitor	enzyme	ec-code	3.5.1.5	3.5.1.5
CHEBI:50643	EC 2.5.1.1 (dimethylallyltranstransferase) inhibitor	enzyme	ec-code	2.5.1.1	2.5.1.1
CHEBI:50683	EC 1.5.1.3 (dihydrofolate reductase) inhibitor	enzyme	ec-code	1.5.1.3	1.5.1.3
CHEBI:50696	EC 2.4.1.129 (peptidoglycan glycosyltransferase) inhibitor	enzyme	ec-code	2.4.1.129	2.4.1.129
CHEBI:50750	EC 5.99.1.3 [DNA topoisomerase (ATP-hydrolysing)] inhibitor	enzyme	ec-code	5.99.1.3	5.99.1.3
CHEBI:50781	EC 1.3.1.22 [3-oxo-5alpha-steroid 4-dehydrogenase (NADP(+))] inhibitor	enzyme	ec-code	1.3.1.22	1.3.1.22
CHEBI:50788	EC 1.1.1.210 [3beta(or 20alpha)-hydroxysteroid dehydrogenase] inhibitor	enzyme	ec-code	1.1.1.210	1.1.1.210
CHEBI:50790	EC 1.14.14.14 (aromatase) inhibitor	enzyme	ec-code	1.14.14.14	1.14.14.14
CHEBI:50914	EC 2.7.1.137 (phosphatidylinositol 3-kinase) inhibitor	enzyme	ec-code	2.7.1.137	2.7.1.137
CHEBI:50925	EC 2.7.11.1 (non-specific serine/threonine protein kinase) inhibitor	enzyme	ec-code	2.7.11.1	2.7.11.1
CHEBI:52424	EC 3.2.1.* (glycosidase) inhibitor	enzyme	ec-code	3.2.1	3.2.1
CHEBI:52425	EC 3.2.1.18 (exo-alpha-sialidase) inhibitor	enzyme	ec-code	3.2.1.18	3.2.1.18
CHEBI:52629	EC 3.1.26.13 (retroviral ribonuclease H) inhibitor	enzyme	ec-code	3.1.26.13	3.1.26.13
CHEBI:53659	EC 1.4.3.22 (diamine oxidase) inhibitor	enzyme	ec-code	1.4.3.22	1.4.3.22
CHEBI:53746	EC 1.1.1.205 (IMP dehydrogenase) inhibitor	enzyme	ec-code	1.1.1.205	1.1.1.205
CHEBI:59105	EC 6.3.2.* (acid--D-amino-acid ligase) inhibitor	enzyme	ec-code	6.3.2	6.3.2
CHEBI:59107	EC 3.4.24.* (metalloendopeptidase) inhibitor	enzyme	ec-code	3.4.24	3.4.24
CHEBI:5924	EC 3.4.21.* (serine endopeptidase) inhibitor	enzyme	ec-code	3.4.21	3.4.21
CHEBI:59285	EC 1.14.13.132 (squalene monooxygenase) inhibitor	enzyme	ec-code	1.14.13.132	1.14.13.132
CHEBI:59321	EC 4.1.1.28 (aromatic-L-amino-acid decarboxylase) inhibitor	enzyme	ec-code	4.1.1.28	4.1.1.28
CHEBI:59499	EC 3.4.13.* (dipeptidase) inhibitor	enzyme	ec-code	3.4.13	3.4.13
CHEBI:59647	EC 2.3.1.50 (serine C-palmitoyltransferase) inhibitor	enzyme	ec-code	2.3.1.50	2.3.1.50
CHEBI:59672	EC 2.4.1.16 (chitin synthase) inhibitor	enzyme	ec-code	2.4.1.16	2.4.1.16
CHEBI:59897	EC 2.7.7.49 (RNA-directed DNA polymerase) inhibitor	enzyme	ec-code	2.7.7.49	2.7.7.49
CHEBI:59997	EC 1.14.18.1 (tyrosinase) inhibitor	enzyme	ec-code	1.14.18.1	1.14.18.1
CHEBI:60186	EC 3.6.3.8 (Ca(2+)-transporting ATPase) inhibitor	enzyme	ec-code	3.6.3.8	3.6.3.8
CHEBI:60258	EC 3.4.* (hydrolases acting on peptide bond) inhibitor	enzyme	ec-code	3.4	3.4
CHEBI:60280	EC 3.5.1.2 (glutaminase) inhibitor	enzyme	ec-code	3.5.1.2	3.5.1.2
CHEBI:60688	EC 4.2.1.20 (tryptophan synthase) inhibitor	enzyme	ec-code	4.2.1.20	4.2.1.20
CHEBI:60901	EC 2.5.1.9 (riboflavin synthase) inhibitor	enzyme	ec-code	2.5.1.9	2.5.1.9
CHEBI:61115	EC 3.5.1.98 (histone deacetylase) inhibitor	enzyme	ec-code	3.5.1.98	3.5.1.98
CHEBI:61908	EC 1.14.13.39 (nitric oxide synthase) inhibitor	enzyme	ec-code	1.14.13.39	1.14.13.39
CHEBI:62089	EC 1.4.7.1 [glutamate synthase (ferredoxin)] inhibitor	enzyme	ec-code	1.4.7.1	1.4.7.1
CHEBI:62434	EC 2.7.10.1 (receptor protein-tyrosine kinase) inhibitor	enzyme	ec-code	2.7.10.1	2.7.10.1
CHEBI:62530	EC 2.3.1.24 (sphingosine N-acyltransferase) inhibitor	enzyme	ec-code	2.3.1.24	2.3.1.24
CHEBI:62608	EC 4.2.1.3 (aconitate hydratase) inhibitor	enzyme	ec-code	4.2.1.3	4.2.1.3
CHEBI:62609	EC 3.11.1.3 (phosphonopyruvate hydrolase) inhibitor	enzyme	ec-code	3.11.1.3	3.11.1.3
CHEBI:62871	EC 4.3.1.24 (phenylalanine ammonia-lyase) inhibitor	enzyme	ec-code	4.3.1.24	4.3.1.24
CHEBI:62872	EC 1.2.3.1 (aldehyde oxidase) inhibitor	enzyme	ec-code	1.2.3.1	1.2.3.1
CHEBI:62913	EC 2.4.2.30 (NAD(+) ADP-ribosyltransferase) inhibitor	enzyme	ec-code	2.4.2.30	2.4.2.30
CHEBI:63090	EC 2.4.2.1 (purine-nucleoside phosphorylase) inhibitor	enzyme	ec-code	2.4.2.1	2.4.2.1
CHEBI:63156	EC 1.1.3.13 (alcohol oxidase) inhibitor	enzyme	ec-code	1.1.3.13	1.1.3.13
CHEBI:63157	EC 4.2.1.22 (cystathionine beta-synthase) inhibitor	enzyme	ec-code	4.2.1.22	4.2.1.22
CHEBI:63158	EC 2.3.1.21 (carnitine O-palmitoyltransferase) inhibitor	enzyme	ec-code	2.3.1.21	2.3.1.21
CHEBI:63332	EC 3.1.3.1 (alkaline phosphatase) inhibitor	enzyme	ec-code	3.1.3.1	3.1.3.1
CHEBI:63510	EC 3.6.3.9 (Na(+)/K(+)-transporting ATPase) inhibitor	enzyme	ec-code	3.6.3.9	3.6.3.9
CHEBI:63674	EC 2.6.1.19 (4-aminobutyrate--2-oxoglutarate transaminase) inhibitor	enzyme	ec-code	2.6.1.19	2.6.1.19
CHEBI:63720	EC 2.1.1.45 (thymidylate synthase) inhibitor	enzyme	ec-code	2.1.1.45	2.1.1.45
CHEBI:63721	EC 2.1.2.2 (phosphoribosylglycinamide formyltransferase) inhibitor	enzyme	ec-code	2.1.2.2	2.1.2.2
CHEBI:63932	EC 1.14.16.2 (tyrosine 3-monooxygenase) inhibitor	enzyme	ec-code	1.14.16.2	1.14.16.2
CHEBI:64033	EC 3.5.1.99 (fatty acid amide hydrolase) inhibitor	enzyme	ec-code	3.5.1.99	3.5.1.99
CHEBI:64133	EC 2.5.1.58 (protein farnesyltransferase) inhibitor	enzyme	ec-code	2.5.1.58	2.5.1.58
CHEBI:64237	EC 2.7.8.15 (UDP-N-acetylglucosamine--dolichyl-phosphate N-acetylglucosaminephosphotransferase) inhibitor	enzyme	ec-code	2.7.8.15	2.7.8.15
CHEBI:64406	EC 3.4.22.38 (cathepsin K) inhibitor	enzyme	ec-code	3.4.22.38	3.4.22.38
CHEBI:64411	EC 2.5.1.29 (geranylgeranyl diphosphate synthase) inhibitor	enzyme	ec-code	2.5.1.29	2.5.1.29
CHEBI:64416	EC 1.3.1.43 (arogenate dehydrogenase) inhibitor	enzyme	ec-code	1.3.1.43	1.3.1.43
CHEBI:64570	EC 2.1.2.1 (glycine hydroxymethyltransferase) inhibitor	enzyme	ec-code	2.1.2.1	2.1.2.1
CHEBI:64670	EC 1.8.1.9 (thioredoxin reductase) inhibitor	enzyme	ec-code	1.8.1.9	1.8.1.9
CHEBI:64696	EC 2.3.1.26 (sterol O-acyltransferase) inhibitor	enzyme	ec-code	2.3.1.26	2.3.1.26
CHEBI:64763	EC 3.1.4.11 (phosphoinositide phospholipase C) inhibitor	enzyme	ec-code	3.1.4.11	3.1.4.11
CHEBI:64919	EC 2.3.1.20 (diacylglycerol O-acyltransferase) inhibitor	enzyme	ec-code	2.3.1.20	2.3.1.20
CHEBI:64920	EC 6.5.1.1 [DNA ligase (ATP)] inhibitor	enzyme	ec-code	6.5.1.1	6.5.1.1
CHEBI:64922	EC 3.4.21.37 (leukocyte elastase) inhibitor	enzyme	ec-code	3.4.21.37	3.4.21.37
CHEBI:64943	EC 3.4.21.1 (chymotrypsin) inhibitor	enzyme	ec-code	3.4.21.1	3.4.21.1
CHEBI:64955	EC 3.2.1.166 (heparanase) inhibitor	enzyme	ec-code	3.2.1.166	3.2.1.166
CHEBI:64957	EC 3.4.21.39 (chymase) inhibitor	enzyme	ec-code	3.4.21.39	3.4.21.39
CHEBI:64964	EC 1.13.11.34 (arachidonate 5-lipoxygenase) inhibitor	enzyme	ec-code	1.13.11.34	1.13.11.34
CHEBI:64995	EC 1.13.11.31 (arachidonate 12-lipoxygenase) inhibitor	enzyme	ec-code	1.13.11.31	1.13.11.31
CHEBI:64996	EC 1.13.11.33 (arachidonate 15-lipoxygenase) inhibitor	enzyme	ec-code	1.13.11.33	1.13.11.33
CHEBI:65001	EC 3.1.1.3 (triacylglycerol lipase) inhibitor	enzyme	ec-code	3.1.1.3	3.1.1.3
CHEBI:65053	EC 4.1.1.19 (arginine decarboxylase) inhibitor	enzyme	ec-code	4.1.1.19	4.1.1.19
CHEBI:65056	EC 3.1.3.11 (fructose-bisphosphatase) inhibitor	enzyme	ec-code	3.1.3.11	3.1.3.11
CHEBI:65064	EC 2.1.1.79 (cyclopropane-fatty-acyl-phospholipid synthase) inhibitor	enzyme	ec-code	2.1.1.79	2.1.1.79
CHEBI:65065	EC 2.1.1.72 [site-specific DNA-methyltransferase (adenine-specific)] inhibitor	enzyme	ec-code	2.1.1.72	2.1.1.72
CHEBI:65232	EC 3.4.21.5 (thrombin) inhibitor	enzyme	ec-code	3.4.21.5	3.4.21.5
CHEBI:65239	EC 3.2.1.114 (mannosyl-oligosaccharide 1,3-1,6-alpha-mannosidase) inhibitor	enzyme	ec-code	3.2.1.114	3.2.1.114
CHEBI:67189	EC 3.4.24.3 (microbial collagenase) inhibitor	enzyme	ec-code	3.4.24.3	3.4.24.3
CHEBI:67230	EC 3.2.1.45 (glucosylceramidase) inhibitor	enzyme	ec-code	3.2.1.45	3.2.1.45
CHEBI:67231	EC 3.2.1.48 (sucrose alpha-glucosidase) inhibitor	enzyme	ec-code	3.2.1.48	3.2.1.48
CHEBI:67232	EC 3.2.1.10 (oligo-1,6-glucosidase) inhibitor	enzyme	ec-code	3.2.1.10	3.2.1.10
CHEBI:67239	EC 3.2.1.20 (alpha-glucosidase) inhibitor	enzyme	ec-code	3.2.1.20	3.2.1.20
CHEBI:67267	EC 2.5.1.59 (protein geranylgeranyltransferase type I) inhibitor	enzyme	ec-code	2.5.1.59	2.5.1.59
CHEBI:68542	EC 1.3.98.1 [dihydroorotate oxidase (fumarate)] inhibitor	enzyme	ec-code	1.3.98.1	1.3.98.1
CHEBI:68581	EC 3.4.21.6 (coagulation factor Xa) inhibitor	enzyme	ec-code	3.4.21.6	3.4.21.6
CHEBI:68612	EC 3.4.14.5 (dipeptidyl-peptidase IV) inhibitor	enzyme	ec-code	3.4.14.5	3.4.14.5
CHEBI:68640	EC 1.14.99.9 (steroid 17alpha-monooxygenase) inhibitor	enzyme	ec-code	1.14.99.9	1.14.99.9
CHEBI:70722	EC 6.4.1.2 (acetyl-CoA carboxylase) inhibitor	enzyme	ec-code	6.4.1.2	6.4.1.2
CHEBI:70817	EC 1.2.1.12 [glyceraldehyde-3-phosphate dehydrogenase (phosphorylating)] inhibitor	enzyme	ec-code	1.2.1.12	1.2.1.12
CHEBI:70822	EC 3.4.22.2 (papain) inhibitor	enzyme	ec-code	3.4.22.2	3.4.22.2
CHEBI:71178	EC 2.1.1.4 (acetylserotonin O-methyltransferase) inhibitor	enzyme	ec-code	2.1.1.4	2.1.1.4
CHEBI:71300	EC 2.* (transferase) inhibitor	enzyme	ec-code	2	2
CHEBI:71476	EC 2.3.1.85 (fatty acid synthase) inhibitor	enzyme	ec-code	2.3.1.85	2.3.1.85
CHEBI:71551	EC 3.5.1.23 (ceramidase) inhibitor	enzyme	ec-code	3.5.1.23	3.5.1.23
CHEBI:71942	EC 3.1.4.35 (3',5'-cyclic-GMP phosphodiesterase) inhibitor	enzyme	ec-code	3.1.4.35	3.1.4.35
CHEBI:71951	EC 3.5.1.88 (peptide deformylase) inhibitor	enzyme	ec-code	3.5.1.88	3.5.1.88
CHEBI:72716	EC 2.3.2.13 (protein-glutamine gamma-glutamyltransferase) inhibitor	enzyme	ec-code	2.3.2.13	2.3.2.13
CHEBI:72774	EC 1.3.99.29 [phytoene desaturase (zeta-carotene-forming)] inhibitor	enzyme	ec-code	1.3.99.29	1.3.99.29
CHEBI:72854	EC 1.13.11.52 (indoleamine 2,3-dioxygenase) inhibitor	enzyme	ec-code	1.13.11.52	1.13.11.52
CHEBI:73136	EC 1.1.1.184 [carbonyl reductase (NADPH)] inhibitor	enzyme	ec-code	1.1.1.184	1.1.1.184
CHEBI:73192	EC 1.3.3.4 (protoporphyrinogen oxidase) inhibitor	enzyme	ec-code	1.3.3.4	1.3.3.4
CHEBI:73196	EC 4.4.1.11 (methionine gamma-lyase) inhibitor	enzyme	ec-code	4.4.1.11	4.4.1.11
CHEBI:73214	EC 3.6.3.14 (H(+)-transporting two-sector ATPase) inhibitor	enzyme	ec-code	3.6.3.14	3.6.3.14
CHEBI:73216	EC 3.6.* (hydrolases acting on acid anhydrides) inhibitor	enzyme	ec-code	3.6	3.6
CHEBI:73354	EC 2.7.3.2 (creatine kinase) inhibitor	enzyme	ec-code	2.7.3.2	2.7.3.2
CHEBI:73360	EC 3.4.11.18 (methionyl aminopeptidase) inhibitor	enzyme	ec-code	3.4.11.18	3.4.11.18
CHEBI:74213	EC 1.17.4.1 (ribonucleoside-diphosphate reductase) inhibitor	enzyme	ec-code	1.17.4.1	1.17.4.1
CHEBI:74234	EC 1.1.1.153 [sepiapterin reductase (L-erythro-7,8-dihydrobiopterin forming)] inhibitor	enzyme	ec-code	1.1.1.153	1.1.1.153
CHEBI:74520	EC 1.1.1.44 (NADP(+)-dependent decarboxylating phosphogluconate dehydrogenase) inhibitor	enzyme	ec-code	1.1.1.44	1.1.1.44
CHEBI:74570	EC 2.3.2.2 (gamma-glutamyltransferase) inhibitor	enzyme	ec-code	2.3.2.2	2.3.2.2
CHEBI:74925	EC 3.4.23.46 (memapsin 2) inhibitor	enzyme	ec-code	3.4.23.46	3.4.23.46
CHEBI:74949	EC 3.1.27.3 (ribonuclease T1) inhibitor	enzyme	ec-code	3.1.27.3	3.1.27.3
CHEBI:75174	EC 2.5.1.21 (squalene synthase) inhibitor	enzyme	ec-code	2.5.1.21	2.5.1.21
CHEBI:75190	EC 5.4.3.2 (lysine 2,3-aminomutase) inhibitor	enzyme	ec-code	5.4.3.2	5.4.3.2
CHEBI:75380	EC 1.11.1.6 (catalase) inhibitor	enzyme	ec-code	1.11.1.6	1.11.1.6
CHEBI:75381	EC 1.11.1.* (peroxidases) inhibitor	enzyme	ec-code	1.11.1	1.11.1
CHEBI:75416	EC 6.1.1.* (ligases forming aminoacyl tRNA and related compounds) inhibitor	enzyme	ec-code	6.1.1	6.1.1
CHEBI:75429	EC 1.4.4.2 [glycine dehydrogenase (aminomethyl-transferring)] inhibitor	enzyme	ec-code	1.4.4.2	1.4.4.2
CHEBI:75495	EC 6.1.1.11 (serine--tRNA ligase) inhibitor	enzyme	ec-code	6.1.1.11	6.1.1.11
CHEBI:75595	EC 5.1.1.1 (alanine racemase) inhibitor	enzyme	ec-code	5.1.1.1	5.1.1.1
CHEBI:75596	EC 5.* (isomerase) inhibitor	enzyme	ec-code	5	5
CHEBI:75598	EC 6.3.2.4 (D-alanine--D-alanine ligase) inhibitor	enzyme	ec-code	6.3.2.4	6.3.2.4
CHEBI:75599	EC 6.3.2.2 (glutamate--cysteine ligase) inhibitor	enzyme	ec-code	6.3.2.2	6.3.2.2
CHEBI:75600	EC 6.3.* (C-N bond-forming ligase) inhibitor	enzyme	ec-code	6.3	6.3
CHEBI:75603	EC 6.* (ligase) inhibitor	enzyme	ec-code	6	6
CHEBI:75604	EC 6.4.* (C-C bond-forming ligase) inhibitor	enzyme	ec-code	6.4	6.4
CHEBI:75605	EC 6.5.* (phosphoric ester bond-forming ligase) inhibitor	enzyme	ec-code	6.5	6.5
CHEBI:75968	EC 6.3.2.19 (ubiquitin--protein ligase) inhibitor	enzyme	ec-code	6.3.2.19	6.3.2.19
CHEBI:76395	EC 2.3.1.48 (histone acetyltransferase) inhibitor	enzyme	ec-code	2.3.1.48	2.3.1.48
CHEBI:76617	EC 2.7.10.2 (non-specific protein-tyrosine kinase) inhibitor	enzyme	ec-code	2.7.10.2	2.7.10.2
CHEBI:76655	EC 2.1.* (C1-transferase) inhibitor	enzyme	ec-code	2.1	2.1
CHEBI:76660	EC 2.2.* (aldehyde or ketone transferase) inhibitor	enzyme	ec-code	2.2	2.2
CHEBI:76661	EC 2.3.* (acyltransferase) inhibitor	enzyme	ec-code	2.3	2.3
CHEBI:76662	EC 2.4.* (glycosyltransferase) inhibitor	enzyme	ec-code	2.4	2.4
CHEBI:76663	EC 2.5.1.* (non-methyl-alkyl or aryl transferase) inhibitor	enzyme	ec-code	2.5.1	2.5.1
CHEBI:76665	EC 2.6.* (nitrogenous group transferase) inhibitor	enzyme	ec-code	2.6	2.6
CHEBI:76668	EC 2.7.* (P-containing group transferase) inhibitor	enzyme	ec-code	2.7	2.7
CHEBI:76676	EC 2.8.* (S-containing group transferase) inhibitor	enzyme	ec-code	2.8	2.8
CHEBI:76677	EC 2.9.* (Se-containing group transferase) inhibitor	enzyme	ec-code	2.9	2.9
CHEBI:76681	EC 2.10.* (Mo- or W-containing group transferase) inhibitor	enzyme	ec-code	2.10	2.10
CHEBI:76692	EC 5.1.* (racemase/epimerase) inhibitor	enzyme	ec-code	5.1	5.1
CHEBI:76693	EC 5.2.* (cis-trans-isomerase) inhibitor	enzyme	ec-code	5.2	5.2
CHEBI:76694	EC 5.3.* (intramolecular oxidoreductase) inhibitor	enzyme	ec-code	5.3	5.3
CHEBI:76695	EC 5.4.* (intramolecular transferase) inhibitor	enzyme	ec-code	5.4	5.4
CHEBI:76696	EC 5.5.* (intramolecular lyase) inhibitor	enzyme	ec-code	5.5	5.5
CHEBI:76697	EC 5.99.* (other isomerases) inhibitor	enzyme	ec-code	5.99	5.99
CHEBI:76706	EC 6.1.* (C-O bond-forming ligase) inhibitor	enzyme	ec-code	6.1	6.1
CHEBI:76707	EC 6.2.* (C-S bond-forming ligase) inhibitor	enzyme	ec-code	6.2	6.2
CHEBI:76708	EC 6.6.* (N-metal bond-forming ligase) inhibitor	enzyme	ec-code	6.6	6.6
CHEBI:76710	EC 4.* (lyase) inhibitor	enzyme	ec-code	4	4
CHEBI:76711	EC 4.1.* (C-C lyase) inhibitor	enzyme	ec-code	4.1	4.1
CHEBI:76712	EC 4.2.* (C-O lyase) inhibitor	enzyme	ec-code	4.2	4.2
CHEBI:76713	EC 4.3.* (C-N lyase) inhibitor	enzyme	ec-code	4.3	4.3
CHEBI:76714	EC 4.4.* (C-S lyase) inhibitor	enzyme	ec-code	4.4	4.4
CHEBI:76715	EC 4.5.* (C-halide lyase) inhibitor	enzyme	ec-code	4.5	4.5
CHEBI:76716	EC 4.6.* (P-O lyase) inhibitor	enzyme	ec-code	4.6	4.6
CHEBI:76717	EC 4.7.* (C-P lyase) inhibitor	enzyme	ec-code	4.7	4.7
CHEBI:76718	EC 4.99.* (miscellaneous lyase) inhibitor	enzyme	ec-code	4.99	4.99
CHEBI:76725	EC 1.* (oxidoreductase) inhibitor	enzyme	ec-code	1	1
CHEBI:76726	EC 1.1.* (oxidoreductase acting on donor CH-OH group) inhibitor	enzyme	ec-code	1.1	1.1
CHEBI:76727	EC 1.2.* (oxidoreductase acting on donor aldehyde/oxo group) inhibitor	enzyme	ec-code	1.2	1.2
CHEBI:76729	EC 1.3.* (oxidoreductase acting on donor CH-CH group) inhibitor	enzyme	ec-code	1.3	1.3
CHEBI:76730	EC 1.4.* (oxidoreductase acting on donor CH-NH2 group) inhibitor	enzyme	ec-code	1.4	1.4
CHEBI:76731	EC 1.5.* (oxidoreductase acting on donor CH-NH group) inhibitor	enzyme	ec-code	1.5	1.5
CHEBI:76733	EC 1.6.* (oxidoreductase acting on NADH or NADPH) inhibitor	enzyme	ec-code	1.6	1.6
CHEBI:76734	EC 1.7.* (oxidoreductase acting on other nitrogenous compounds as donors) inhibitor	enzyme	ec-code	1.7	1.7
CHEBI:76735	EC 1.8.* (oxidoreductase acting on sulfur group of donors) inhibitor	enzyme	ec-code	1.8	1.8
CHEBI:76736	EC 1.9.* (oxidoreductase acting on donor heme group) inhibitor	enzyme	ec-code	1.9	1.9
CHEBI:76737	EC 1.10.* (oxidoreductase acting on diphenols and related substances as donors) inhibitor	enzyme	ec-code	1.10	1.10
CHEBI:76738	EC 1.11.* (oxidoreductase acting on peroxide as donors) inhibitor	enzyme	ec-code	1.11	1.11
CHEBI:76739	EC 1.12.* (oxidoreductase acting on hydrogen as donors) inhibitor	enzyme	ec-code	1.12	1.12
CHEBI:76740	EC 1.13.* [oxidoreductase acting on single donors with incorporation of molecular oxygen (oxygenases)] inhibitor	enzyme	ec-code	1.13	1.13
CHEBI:76741	EC 1.14.* (oxidoreductase acting on paired donors, with incorporation or reduction of molecular oxygen) inhibitor	enzyme	ec-code	1.14	1.14
CHEBI:76742	EC 1.15.* (oxidoreductase acting on superoxide as acceptor) inhibitor	enzyme	ec-code	1.15	1.15
CHEBI:76743	EC 1.16.* (oxidoreductase oxidising metal ions) inhibitor	enzyme	ec-code	1.16	1.16
CHEBI:76744	EC 1.17.* (oxidoreductase acting on CH or CH2) inhibitor	enzyme	ec-code	1.17	1.17
CHEBI:76745	EC 1.18.* (oxidoreductase acting on Fe-S proteins as donors) inhibitor	enzyme	ec-code	1.18	1.18
CHEBI:76746	EC 1.19.* (oxidoreductase acting on reduced flavodoxin as donor) inhibitor	enzyme	ec-code	1.19	1.19
CHEBI:76747	EC 1.20.* (oxidoreductase acting on P or As in donors) inhibitor	enzyme	ec-code	1.20	1.20
CHEBI:76748	EC 1.21.* (oxidoreductase acting on X-H and Y-H to form an X-Y bond) inhibitor	enzyme	ec-code	1.21	1.21
CHEBI:76750	EC 1.22* (oxidoreductase acting on halogen in donors) inhibitor	enzyme	ec-code	1.22*	1.22*
CHEBI:76752	EC 1.23.* (oxidoreductase acting on C-O-C group as acceptor) inhibitor	enzyme	ec-code	1.23	1.23
CHEBI:76753	EC 1.97.* (other oxidoreductase) inhibitor	enzyme	ec-code	1.97	1.97
CHEBI:76755	EC 1.98.* (enzymes using H2 as reductant) inhibitor	enzyme	ec-code	1.98	1.98
CHEBI:76757	EC 1.99.* (other oxidoreductases using O2 as oxidant) inhibitor	enzyme	ec-code	1.99	1.99
CHEBI:76759	EC 3.* (hydrolase) inhibitor	enzyme	ec-code	3	3
CHEBI:76760	EC 3.1.* (ester hydrolase) inhibitor	enzyme	ec-code	3.1	3.1
CHEBI:76761	EC 3.2.* (glycosylase) inhibitor	enzyme	ec-code	3.2	3.2
CHEBI:76762	EC 3.3.* (ether hydrolase) inhibitor	enzyme	ec-code	3.3	3.3
CHEBI:76764	EC 3.5.* (hydrolases acting on non-peptide C-N bonds) inhibitor	enzyme	ec-code	3.5	3.5
CHEBI:76766	EC 3.7.* (hydrolases acting on C-C bonds) inhibitor	enzyme	ec-code	3.7	3.7
CHEBI:76767	EC 3.8.* (hydrolases acting on halide bonds) inhibitor	enzyme	ec-code	3.8	3.8
CHEBI:76768	EC 3.9.* (hydrolases acting on P-N bonds) inhibitor	enzyme	ec-code	3.9	3.9
CHEBI:76769	EC 3.10.* (hydrolases acting on S-N bonds) inhibitor	enzyme	ec-code	3.10	3.10
CHEBI:76770	EC 3.11.* (hydrolases acting on C-P bonds) inhibitor	enzyme	ec-code	3.11	3.11
CHEBI:76771	EC 3.12.* (hydrolases acting on S-S bonds) inhibitor	enzyme	ec-code	3.12	3.12
CHEBI:76772	EC 3.13.* (hydrolases acting on C-S bonds) inhibitor	enzyme	ec-code	3.13	3.13
CHEBI:76773	EC 3.1.1.* (carboxylic ester hydrolase) inhibitor	enzyme	ec-code	3.1.1	3.1.1
CHEBI:76775	EC 3.1.3.* (phosphoric monoester hydrolase) inhibitor	enzyme	ec-code	3.1.3	3.1.3
CHEBI:76779	EC 3.4.21.26 (prolyl oligopeptidase) inhibitor	enzyme	ec-code	3.4.21.26	3.4.21.26
CHEBI:76782	EC 3.4.15.* (peptidyl-dipeptidase) inhibitor	enzyme	ec-code	3.4.15	3.4.15
CHEBI:76785	EC 3.1.26.* (endoribonucleases producing 5'-phosphomonoesters) inhibitor	enzyme	ec-code	3.1.26	3.1.26
CHEBI:76787	EC 3.4.11.* (aminopeptidase) inhibitor	enzyme	ec-code	3.4.11	3.4.11
CHEBI:76788	EC 3.4.14.* (dipeptidyl- and tripeptidyl-peptidases) inhibitor	enzyme	ec-code	3.4.14	3.4.14
CHEBI:76789	EC 2.4.1.* (hexosyltransferase) inhibitor	enzyme	ec-code	2.4.1	2.4.1
CHEBI:76790	EC 2.4.2.* (pentosyltransferase) inhibitor	enzyme	ec-code	2.4.2	2.4.2
CHEBI:76791	EC 3.1.27.* (endoribonucleases producing other than 5'-phosphomonoesters) inhibitor	enzyme	ec-code	3.1.27	3.1.27
CHEBI:76795	EC 3.4.22.36 (caspase-1) inhibitor	enzyme	ec-code	3.4.22.36	3.4.22.36
CHEBI:76796	EC 3.4.22.* (cysteine endopeptidase) inhibitor	enzyme	ec-code	3.4.22	3.4.22
CHEBI:76797	EC 2.5.1.18 (glutathione transferase) inhibitor	enzyme	ec-code	2.5.1.18	2.5.1.18
CHEBI:76798	EC 1.14.15.4 (steroid 11beta-monooxygenase) inhibitor	enzyme	ec-code	1.14.15.4	1.14.15.4
CHEBI:76807	EC 3.5.1.* (non-peptide linear amide C-N hydrolase) inhibitor	enzyme	ec-code	3.5.1	3.5.1
CHEBI:76808	EC 3.5.2.* (non-peptide cyclic amide C-N hydrolase) inhibitor	enzyme	ec-code	3.5.2	3.5.2
CHEBI:76809	EC 3.5.4.* (non-peptide cyclic amidine C-N hydrolase) inhibitor	enzyme	ec-code	3.5.4	3.5.4
CHEBI:76811	EC 3.1.4.12 (sphingomyelin phosphodiesterase) inhibitor	enzyme	ec-code	3.1.4.12	3.1.4.12
CHEBI:76812	EC 2.7.11.* (protein-serine/threonine kinase) inhibitor	enzyme	ec-code	2.7.11	2.7.11
CHEBI:76815	EC 2.7.7.* (nucleotidyltransferase) inhibitor	enzyme	ec-code	2.7.7	2.7.7
CHEBI:76816	EC 2.7.8.* (transferases for other substituted phosphate groups) inhibitor	enzyme	ec-code	2.7.8	2.7.8
CHEBI:76817	EC 2.7.10.* (protein-tyrosine kinase) inhibitor	enzyme	ec-code	2.7.10	2.7.10
CHEBI:76818	EC 2.7.3.* (phosphotransferases with a nitrogenous group as acceptor) inhibitor	enzyme	ec-code	2.7.3	2.7.3
CHEBI:76822	EC 3.2.1.31 (beta-glucuronidase) inhibitor	enzyme	ec-code	3.2.1.31	3.2.1.31
CHEBI:76823	EC 6.3.1.* (acid-ammonia/amine ligase) inhibitor	enzyme	ec-code	6.3.1	6.3.1
CHEBI:76824	EC 6.4.1.* (carboxylase) inhibitor	enzyme	ec-code	6.4.1	6.4.1
CHEBI:76827	EC 6.5.1.* (DNA/RNA repair enzymes) inhibitor	enzyme	ec-code	6.5.1	6.5.1
CHEBI:76828	EC 5.1.1.* (racemases acting on amino acids and derivatives) inhibitor	enzyme	ec-code	5.1.1	5.1.1
CHEBI:76829	EC 5.4.3.* (intramolecular transferase transferring amino groups) inhibitor	enzyme	ec-code	5.4.3	5.4.3
CHEBI:76830	EC 5.99.1.* (miscellaneous isomerase) inhibitor	enzyme	ec-code	5.99.1	5.99.1
CHEBI:76831	EC 4.4.1.* (C-S lyase) inhibitor	enzyme	ec-code	4.4.1	4.4.1
CHEBI:76832	EC 4.3.1.* (ammonia-lyase) inhibitor	enzyme	ec-code	4.3.1	4.3.1
CHEBI:76834	EC 2.5.* (non-methyl-alkyl or aryl transferase) inhibitor	enzyme	ec-code	2.5	2.5
CHEBI:76835	EC 1.1.1.* (oxidoreductase acting on donor CH-OH group, NAD(+) or NADP(+) acceptor) inhibitor	enzyme	ec-code	1.1.1	1.1.1
CHEBI:76836	EC 1.1.3.* (oxidoreductase acting on donor CH-OH group, oxygen as acceptor) inhibitor	enzyme	ec-code	1.1.3	1.1.3
CHEBI:76837	EC 1.13.11.* (oxidoreductase acting on single donors and incorporating 2 O atoms) inhibitor	enzyme	ec-code	1.13.11	1.13.11
CHEBI:76838	EC 1.14.14.* (oxidoreductase acting on paired donors, incorporating of 1 atom of oxygen, with reduced flavin or flavoprotein as one donor) inhibitor	enzyme	ec-code	1.14.14	1.14.14
CHEBI:76840	EC 1.14.99.* (miscellaneous oxidoreductase acting on paired donors, with incorporation or reduction of molecular oxygen) inhibitor	enzyme	ec-code	1.14.99	1.14.99
CHEBI:76841	EC 1.14.13.* (oxidoreductase acting on paired donors, incorporating 1 atom of oxygen, with NADH or NADPH as one donor) inhibitor	enzyme	ec-code	1.14.13	1.14.13
CHEBI:76843	EC 1.14.15.* (oxidoreductase acting on paired donors, with reduced Fe-S protein as one donor, incorporating 1 O atom) inhibitor	enzyme	ec-code	1.14.15	1.14.15
CHEBI:76845	EC 1.14.18.* (oxidoreductase acting on paired donors, miscellaneous compound as one donor, incorporating 1 atom of oxygen) inhibitor	enzyme	ec-code	1.14.18	1.14.18
CHEBI:76847	EC 1.14.16.* (oxidoreductase acting on paired donors, reduced pteridine as one donor, incorporating 1 atom of oxygen) inhibitor	enzyme	ec-code	1.14.16	1.14.16
CHEBI:76848	EC 1.17.4.* (oxidoreductase acting on CH or CH2 with a disulfide as acceptor) inhibitor	enzyme	ec-code	1.17.4	1.17.4
CHEBI:76850	EC 1.17.3.* (oxidoreductase acting on CH or CH2 with oxygen as acceptor) inhibitor	enzyme	ec-code	1.17.3	1.17.3
CHEBI:76852	EC 1.2.1.* (oxidoreductase acting on donor aldehyde/oxo group with NAD(+) or NADP(+) as acceptor) inhibitor	enzyme	ec-code	1.2.1	1.2.1
CHEBI:76853	EC 1.2.3.* (oxidoreductase acting on donor aldehyde/oxo group with oxygen as acceptor) inhibitor	enzyme	ec-code	1.2.3	1.2.3
CHEBI:76857	EC 1.3.1.* (oxidoreductase acting on donor CH-CH group, NAD(+) or NADP(+) as acceptor) inhibitor	enzyme	ec-code	1.3.1	1.3.1
CHEBI:76858	EC 1.3.98.* (oxidoreductase acting on donor CH-CH group, with other, known, acceptors) inhibitor	enzyme	ec-code	1.3.98	1.3.98
CHEBI:76859	EC 1.3.99.* (oxidoreductase acting on donor CH-CH group, with other acceptors) inhibitor	enzyme	ec-code	1.3.99	1.3.99
CHEBI:76860	EC 1.3.3.* (oxidoreductase acting on donor CH-CH group, oxygen as acceptor) inhibitor	enzyme	ec-code	1.3.3	1.3.3
CHEBI:76861	EC 1.4.3.* (oxidoreductase acting on donor CH-NH2 group, oxygen as acceptor) inhibitor	enzyme	ec-code	1.4.3	1.4.3
CHEBI:76862	EC 1.4.4.* (oxidoreductase acting on donor CH-NH2 group, a disulfide as acceptor) inhibitor	enzyme	ec-code	1.4.4	1.4.4
CHEBI:76863	EC 1.5.1.* (oxidoreductase acting on donor CH-NH group, NAD(+) or NADP(+) as acceptor) inhibitor	enzyme	ec-code	1.5.1	1.5.1
CHEBI:76866	EC 1.6.5.* (oxidoreductase acting on NADH or NADPH with a quinone or similar as acceptor) inhibitor	enzyme	ec-code	1.6.5	1.6.5
CHEBI:76867	EC 1.6.3.* (oxidoreductase acting on NADH or NADPH with oxygen as acceptor) inhibitor	enzyme	ec-code	1.6.3	1.6.3
CHEBI:76869	EC 1.8.1.* (oxidoreductase acting on sulfur group of donors, NAD(+) or NADP(+) as acceptor) inhibitor	enzyme	ec-code	1.8.1	1.8.1
CHEBI:76870	EC 1.9.3.* (oxidoreductase acting on donor heme group, oxygen as acceptor) inhibitor	enzyme	ec-code	1.9.3	1.9.3
CHEBI:76871	EC 2.1.1.* (methyltransferases) inhibitor	enzyme	ec-code	2.1.1	2.1.1
CHEBI:76874	EC 2.1.2.* (hydroxymethyl-, formyl- and related transferases) inhibitor	enzyme	ec-code	2.1.2	2.1.2
CHEBI:76876	EC 2.2.1.* (transketolase/transaldolase) inhibitor	enzyme	ec-code	2.2.1	2.2.1
CHEBI:76877	EC 2.3.2.* (aminoacyltransferase) inhibitor	enzyme	ec-code	2.3.2	2.3.2
CHEBI:76878	EC 2.3.1.* (acyltransferase transferring other than amino-acyl group) inhibitor	enzyme	ec-code	2.3.1	2.3.1
CHEBI:76879	EC 2.6.1.* (transaminase) inhibitor	enzyme	ec-code	2.6.1	2.6.1
CHEBI:76881	EC 2.7.1.* (phosphotransferases with an alcohol group as acceptor) inhibitor	enzyme	ec-code	2.7.1	2.7.1
CHEBI:76882	EC 2.4.99.* (glycosyltransferases transferring other glycosyl groups) inhibitor	enzyme	ec-code	2.4.99	2.4.99
CHEBI:76883	EC 3.11.1.* (hydrolases acting on C-P bonds of phosphono-acetaldehyde, -acetate, or -pyruvate) inhibitor	enzyme	ec-code	3.11.1	3.11.1
CHEBI:76885	EC 3.4.23.* (aspartic endopeptidase) inhibitor	enzyme	ec-code	3.4.23	3.4.23
CHEBI:76891	EC 3.4.11.14 (cytosol alanyl aminopeptidase) inhibitor	enzyme	ec-code	3.4.11.14	3.4.11.14
CHEBI:76893	EC 3.4.14.2 (dipeptidyl-peptidase II) inhibitor	enzyme	ec-code	3.4.14.2	3.4.14.2
CHEBI:76895	EC 3.6.3.* (acid anhydride hydrolase catalysing transmembrane movement of substances) inhibitor	enzyme	ec-code	3.6.3	3.6.3
CHEBI:76898	EC 1.14.14.1 (unspecific monooxygenase) inhibitor	enzyme	ec-code	1.14.14.1	1.14.14.1
CHEBI:76902	EC 1.14.11.* (oxidoreductase acting on paired donors, 2-oxoglutarate as one donor, incorporating 1 atom each of oxygen into both donors) inhibitor	enzyme	ec-code	1.14.11	1.14.11
CHEBI:76906	EC 4.1.1.* (carboxy-lyase) inhibitor	enzyme	ec-code	4.1.1	4.1.1
CHEBI:76907	EC 4.2.1.* (hydro-lyases) inhibitor	enzyme	ec-code	4.2.1	4.2.1
CHEBI:76920	EC 1.1.3.9 (galactose oxidase) inhibitor	enzyme	ec-code	1.1.3.9	1.1.3.9
CHEBI:76926	EC 3.4.13.19 (membrane dipeptidase) inhibitor	enzyme	ec-code	3.4.13.19	3.4.13.19
CHEBI:76938	EC 3.6.4.* (hydrolases acting on ATP; involved in cellular and subcellular movement) inhibitor	enzyme	ec-code	3.6.4	3.6.4
CHEBI:76939	EC 3.6.4.10 (non-chaperonin molecular chaperone ATPase) inhibitor	enzyme	ec-code	3.6.4.10	3.6.4.10
CHEBI:76940	EC 3.4.21.4 (trypsin) inhibitor	enzyme	ec-code	3.4.21.4	3.4.21.4
CHEBI:77019	EC 1.10.99.* (oxidoreductases acting on diphenols and related substances as donors, other acceptors) inhibitor	enzyme	ec-code	1.10.99	1.10.99
CHEBI:77020	EC 1.10.99.2 [ribosyldihydronicotinamide dehydrogenase (quinone)] inhibitor	enzyme	ec-code	1.10.99.2	1.10.99.2
CHEBI:77022	EC 2.3.3.* (acyltransferase converting acyl to alkyl group on transfer) inhibitor	enzyme	ec-code	2.3.3	2.3.3
CHEBI:77023	EC 2.3.3.1 [citrate (Si)-synthase] inhibitor	enzyme	ec-code	2.3.3.1	2.3.3.1
CHEBI:77024	EC 3.1.3.41 (4-nitrophenylphosphatase) inhibitor	enzyme	ec-code	3.1.3.41	3.1.3.41
CHEBI:77088	EC 1.4.7.* (oxidoreductase acting on donor CH-NH2 group, Fe-S protein as acceptor) inhibitor	enzyme	ec-code	1.4.7	1.4.7
CHEBI:77089	EC 2.5.1.49 (O-acetylhomoserine aminocarboxypropyltransferase) inhibitor	enzyme	ec-code	2.5.1.49	2.5.1.49
CHEBI:77090	EC 4.3.1.10 (serine-sulfate ammonia-lyase) inhibitor	enzyme	ec-code	4.3.1.10	4.3.1.10
CHEBI:77102	EC 1.3.5.* (oxidoreductase acting on CH-CH of donor with a quinone or related compound as acceptor) inhibitor	enzyme	ec-code	1.3.5	1.3.5
CHEBI:77103	EC 1.3.5.2 [dihydroorotate dehydrogenase (quinone)] inhibitor	enzyme	ec-code	1.3.5.2	1.3.5.2
CHEBI:77105	EC 1.10.2.* (oxidoreductase acting on diphenols and related substances as donors with a cytochrome as acceptor) inhibitor	enzyme	ec-code	1.10.2	1.10.2
CHEBI:77106	EC 1.10.2.2 (quinol--cytochrome-c reductase) inhibitor	enzyme	ec-code	1.10.2.2	1.10.2.2
CHEBI:77108	EC 1.1.1.141 [15-hydroxyprostaglandin dehydrogenase (NAD(+))] inhibitor	enzyme	ec-code	1.1.1.141	1.1.1.141
CHEBI:77109	EC 1.21.3.* (oxidoreductase acting on X-H and Y-H to form an X-Y bond, with oxygen as acceptor) inhibitor	enzyme	ec-code	1.21.3	1.21.3
CHEBI:77110	EC 1.21.3.3 (reticuline oxidase) inhibitor	enzyme	ec-code	1.21.3.3	1.21.3.3
CHEBI:77111	EC 2.1.1.116 [3'-hydroxy-N-methyl-(S)-coclaurine 4'-O-methyltransferase] inhibitor	enzyme	ec-code	2.1.1.116	2.1.1.116
CHEBI:77113	EC 2.7.11.10 (IkappaB kinase) inhibitor	enzyme	ec-code	2.7.11.10	2.7.11.10
CHEBI:77115	EC 2.1.1.122 [(S)-tetrahydroprotoberberine N-methyltransferase] inhibitor	enzyme	ec-code	2.1.1.122	2.1.1.122
CHEBI:77117	EC 3.5.5.* (hydrolase acting on C-N bonds in nitriles) inhibitor	enzyme	ec-code	3.5.5	3.5.5
CHEBI:77119	EC 1.1.1.189 (prostaglandin-E2 9-reductase) inhibitor	enzyme	ec-code	1.1.1.189	1.1.1.189
CHEBI:77194	EC 2.7.1.33 (pantothenate kinase) inhibitor	enzyme	ec-code	2.7.1.33	2.7.1.33
CHEBI:77255	EC 3.4.24.83 (anthrax lethal factor endopeptidase) inhibitor	enzyme	ec-code	3.4.24.83	3.4.24.83
CHEBI:77402	EC 1.8.1.12 (trypanothione-disulfide reductase) inhibitor	enzyme	ec-code	1.8.1.12	1.8.1.12
CHEBI:77425	EC 1.1.1.188 (prostaglandin-F synthase) inhibitor	enzyme	ec-code	1.1.1.188	1.1.1.188
CHEBI:77484	EC 1.1.1.25 (shikimate dehydrogenase) inhibitor	enzyme	ec-code	1.1.1.25	1.1.1.25
CHEBI:77654	EC 1.1.1.267 (1-deoxy-D-xylulose-5-phosphate reductoisomerase) inhibitor	enzyme	ec-code	1.1.1.267	1.1.1.267
CHEBI:77703	EC 4.3.1.3 (histidine ammonia-lyase) inhibitor	enzyme	ec-code	4.3.1.3	4.3.1.3
CHEBI:77705	EC 3.4.19.* (omega-peptidase) inhibitor	enzyme	ec-code	3.4.19	3.4.19
CHEBI:77706	EC 3.4.19.3 (pyroglutamyl-peptidase I) inhibitor	enzyme	ec-code	3.4.19.3	3.4.19.3
CHEBI:77745	EC 3.4.24.18 (meprin A) inhibitor	enzyme	ec-code	3.4.24.18	3.4.24.18
CHEBI:77747	EC 3.6.3.1 (phospholipid-translocating ATPase) inhibitor	enzyme	ec-code	3.6.3.1	3.6.3.1
CHEBI:77748	EC 3.6.3.44 (xenobiotic-transporting ATPase) inhibitor	enzyme	ec-code	3.6.3.44	3.6.3.44
CHEBI:77758	EC 3.1.4.53 (3',5'-cyclic-AMP phosphodiesterase) inhibitor	enzyme	ec-code	3.1.4.53	3.1.4.53
CHEBI:77763	EC 1.2.1.88 (L-glutamate gamma-semialdehyde dehydrogenase) inhibitor	enzyme	ec-code	1.2.1.88	1.2.1.88
CHEBI:77781	EC 1.14.13.181 (13-deoxydaunorubicin hydroxylase) inhibitor	enzyme	ec-code	1.14.13.181	1.14.13.181
CHEBI:77783	EC 1.14.13.67 (quinine 3-monooxygenase) inhibitor	enzyme	ec-code	1.14.13.67	1.14.13.67
CHEBI:77881	EC 4.3.1.15 (diaminopropionate ammonia-lyase) inhibitor	enzyme	ec-code	4.3.1.15	4.3.1.15
CHEBI:77884	EC 1.14.13.70 (sterol 14alpha-demethylase) inhibitor	enzyme	ec-code	1.14.13.70	1.14.13.70
CHEBI:77941	EC 3.5.1.4 (amidase) inhibitor	enzyme	ec-code	3.5.1.4	3.5.1.4
CHEBI:77953	EC 6.1.1.4 (leucine--tRNA ligase) inhibitor	enzyme	ec-code	6.1.1.4	6.1.1.4
CHEBI:78024	EC 4.1.1.50 (adenosylmethionine decarboxylase) inhibitor	enzyme	ec-code	4.1.1.50	4.1.1.50
CHEBI:78366	EC 2.7.1.1 (hexokinase) inhibitor	enzyme	ec-code	2.7.1.1	2.7.1.1
CHEBI:78372	EC 3.1.1.5 (lysophospholipase) inhibitor	enzyme	ec-code	3.1.1.5	3.1.1.5
CHEBI:78377	EC 1.3.1.8 [acyl-CoA dehydrogenase (NADP(+))] inhibitor	enzyme	ec-code	1.3.1.8	1.3.1.8
CHEBI:78379	EC 2.5.1.7 (UDP-N-acetylglucosamine 1-carboxyvinyltransferase) inhibitor	enzyme	ec-code	2.5.1.7	2.5.1.7
CHEBI:78380	EC 3.5.4.1 (cytosine deaminase) inhibitor	enzyme	ec-code	3.5.4.1	3.5.4.1
CHEBI:78381	EC 5.1.2.* (racemases acting on hydroxy acids and derivatives) inhibitor	enzyme	ec-code	5.1.2	5.1.2
CHEBI:78382	EC 5.1.3.* (racemases acting on carbohydrates and derivatives) inhibitor	enzyme	ec-code	5.1.3	5.1.3
CHEBI:78383	EC 5.1.99.* (racemases acting on other compounds) inhibitor	enzyme	ec-code	5.1.99	5.1.99
CHEBI:78384	EC 5.1.3.2 (UDP-glucose 4-epimerase) inhibitor	enzyme	ec-code	5.1.3.2	5.1.3.2
CHEBI:78444	EC 3.1.1.1 (carboxylesterase) inhibitor	enzyme	ec-code	3.1.1.1	3.1.1.1
CHEBI:78622	EC 2.7.11.31 \{[hydroxymethylglutaryl-CoA reductase (NADPH)] kinase\} inhibitor	enzyme	ec-code	2.7.11.31	2.7.11.31
CHEBI:78678	EC 4.6.1.2 (guanylate cyclase) inhibitor	enzyme	ec-code	4.6.1.2	4.6.1.2
CHEBI:78691	EC 2.3.1.97 (glycylpeptide N-tetradecanoyltransferase) inhibitor	enzyme	ec-code	2.3.1.97	2.3.1.97
CHEBI:78728	EC 1.3.1.72 (Delta(24)-sterol reductase) inhibitor	enzyme	ec-code	1.3.1.72	1.3.1.72
CHEBI:78756	EC 2.5.1.6 (methionine adenosyltransferase) inhibitor	enzyme	ec-code	2.5.1.6	2.5.1.6
CHEBI:78760	EC 2.7.1.91 (sphingosine kinase) inhibitor	enzyme	ec-code	2.7.1.91	2.7.1.91
CHEBI:78763	EC 2.7.11.18 (myosin-light-chain kinase) inhibitor	enzyme	ec-code	2.7.11.18	2.7.11.18
CHEBI:78927	EC 3.6.1.* (hydrolases acting on acid anhydrides in P-containing anhydrides) inhibitor	enzyme	ec-code	3.6.1	3.6.1
CHEBI:78928	EC 3.6.1.3 (adenosinetriphosphatase) inhibitor	enzyme	ec-code	3.6.1.3	3.6.1.3
CHEBI:79050	EC 3.4.22.52 (calpain-1) inhibitor	enzyme	ec-code	3.4.22.52	3.4.22.52
CHEBI:79088	EC 3.4.24.35 (gelatinase B) inhibitor	enzyme	ec-code	3.4.24.35	3.4.24.35
CHEBI:79091	EC 2.7.11.24 (mitogen-activated protein kinase) inhibitor	enzyme	ec-code	2.7.11.24	2.7.11.24
CHEBI:79092	EC 1.11.2.* (oxidoreductase with H2O2 as acceptor, incorporating 1 O atom into product) inhibitor	enzyme	ec-code	1.11.2	1.11.2
CHEBI:79093	EC 1.11.2.2 (myeloperoxidase) inhibitor	enzyme	ec-code	1.11.2.2	1.11.2.2
CHEBI:79392	EC 6.1.1.2 (tryptophan--tRNA ligase) inhibitor	enzyme	ec-code	6.1.1.2	6.1.1.2
CHEBI:82665	EC 2.7.11.22 (cyclin-dependent kinase) inhibitor	enzyme	ec-code	2.7.11.22	2.7.11.22
CHEBI:82756	EC 6.1.1.12 (aspartate--tRNA ligase) inhibitor	enzyme	ec-code	6.1.1.12	6.1.1.12
CHEBI:82821	EC 3.4.22.53 (calpain-2) inhibitor	enzyme	ec-code	3.4.22.53	3.4.22.53
CHEBI:82823	EC 3.4.22.54 (calpain-3) inhibitor	enzyme	ec-code	3.4.22.54	3.4.22.54
CHEBI:82973	EC 3.4.24.11 (neprilysin) inhibitor	enzyme	ec-code	3.4.24.11	3.4.24.11
CHEBI:82974	EC 3.4.24.71 (endothelin-converting enzyme 1) inhibitor	enzyme	ec-code	3.4.24.71	3.4.24.71
CHEBI:83034	EC 4.1.2.27 (sphinganine-1-phosphate aldolase) inhibitor	enzyme	ec-code	4.1.2.27	4.1.2.27
CHEBI:83035	EC 4.1.2.* (aldehyde-lyase) inhibitor	enzyme	ec-code	4.1.2	4.1.2
CHEBI:83072	EC 1.3.5.1 [succinate dehydrogenase (quinone)] inhibitor	enzyme	ec-code	1.3.5.1	1.3.5.1
CHEBI:83156	EC 6.2.1.* (acid-thiol ligase) inhibitor	enzyme	ec-code	6.2.1	6.2.1
CHEBI:83157	EC 6.2.1.3 (long-chain-fatty-acid--CoA ligase) inhibitor	enzyme	ec-code	6.2.1.3	6.2.1.3
CHEBI:83316	EC 1.14.13.72 (methylsterol monooxygenase) inhibitor	enzyme	ec-code	1.14.13.72	1.14.13.72
CHEBI:83319	EC 1.3.1.70 (Delta(14)-sterol reductase) inhibitor	enzyme	ec-code	1.3.1.70	1.3.1.70
CHEBI:83757	EC 2.4.1.231 [alpha,alpha-trehalose phosphorylase (configuration-retaining)] inhibitor	enzyme	ec-code	2.4.1.231	2.4.1.231
CHEBI:83760	EC 2.4.1.64 (alpha,alpha-trehalose phosphorylase) inhibitor	enzyme	ec-code	2.4.1.64	2.4.1.64
CHEBI:83762	EC 3.2.1.28 (alpha,alpha-trehalase) inhibitor	enzyme	ec-code	3.2.1.28	3.2.1.28
CHEBI:84012	EC 4.2.1.94 (scytalone dehydratase) inhibitor	enzyme	ec-code	4.2.1.94	4.2.1.94
CHEBI:84036	EC 3.4.24.24 (gelatinase A) inhibitor	enzyme	ec-code	3.4.24.24	3.4.24.24
CHEBI:84264	EC 3.5.1.19 (nicotinamidase) inhibitor	enzyme	ec-code	3.5.1.19	3.5.1.19
CHEBI:84297	EC 3.4.21.64 (peptidase K) inhibitor	enzyme	ec-code	3.4.21.64	3.4.21.64
CHEBI:84799	EC 2.3.1.5 (arylamine N-acetyltransferase) inhibitor	enzyme	ec-code	2.3.1.5	2.3.1.5
CHEBI:84800	EC 2.4.1.1 (glycogen phosphorylase) inhibitor	enzyme	ec-code	2.4.1.1	2.4.1.1
CHEBI:84801	EC 2.7.1.127 (inositol-trisphosphate 3-kinase) inhibitor	enzyme	ec-code	2.7.1.127	2.7.1.127
CHEBI:84802	EC 2.7.1.151 (inositol-polyphosphate multikinase) inhibitor	enzyme	ec-code	2.7.1.151	2.7.1.151
CHEBI:84803	EC 2.7.4.* (phosphotransferases with a phosphate group as acceptor) inhibitor	enzyme	ec-code	2.7.4	2.7.4
CHEBI:84804	EC 2.7.4.6 (nucleoside-diphosphate kinase) inhibitor	enzyme	ec-code	2.7.4.6	2.7.4.6
CHEBI:85011	EC 2.6.1.19 (glutamine--fructose-6-phosphate transaminase (isomerizing)) inhibitor	enzyme	ec-code	2.6.1.19	2.6.1.19
CHEBI:85048	EC 1.10.3.* (oxidoreductase acting on diphenols and related substances as donors with oxygen as acceptor) inhibitor	enzyme	ec-code	1.10.3	1.10.3
CHEBI:85049	EC 1.10.3.1 (catechol oxidase) inhibitor	enzyme	ec-code	1.10.3.1	1.10.3.1
CHEBI:85050	EC 1.10.3.2 (laccase) inhibitor	enzyme	ec-code	1.10.3.2	1.10.3.2
CHEBI:85051	EC 1.13.11.24 (quercetin 2,3-dioxygenase) inhibitor	enzyme	ec-code	1.13.11.24	1.13.11.24
CHEBI:85052	EC 1.4.3.3 (D-amino-acid oxidase) inhibitor	enzyme	ec-code	1.4.3.3	1.4.3.3
CHEBI:85094	EC 2.7.11.11 (cAMP-dependent protein kinase) inhibitor	enzyme	ec-code	2.7.11.11	2.7.11.11
CHEBI:85113	EC 2.7.11.12 (cGMP-dependent protein kinase) inhibitor	enzyme	ec-code	2.7.11.12	2.7.11.12
CHEBI:85618	EC 2.5.1.31 \{ditrans,polycis-undecaprenyl-diphosphate synthase [(2E,6E)-farnesyl-diphosphate specific]\} inhibitor	enzyme	ec-code	2.5.1.31	2.5.1.31
CHEBI:86009	EC 1.4.1.* (oxidoreductase acting on donor CH-NH2 group; NAD(+) or NADP(+) as acceptor) inhibitor	enzyme	ec-code	1.4.1	1.4.1
CHEBI:86010	EC 1.4.1.3 \{glutamate dehydrogenase [NAD(P)(+)]\} inhibitor	enzyme	ec-code	1.4.1.3	1.4.1.3
CHEBI:86383	EC 5.3.3.* (intramolecular oxidase transposing C=C bonds) inhibitor	enzyme	ec-code	5.3.3	5.3.3
CHEBI:86385	EC 5.3.3.5 (cholestenol Delta-isomerase) inhibitor	enzyme	ec-code	5.3.3.5	5.3.3.5
CHEBI:86430	EC 1.14.13.78 (ent-kaurene oxidase) inhibitor	enzyme	ec-code	1.14.13.78	1.14.13.78
CHEBI:86501	EC 1.14.13.97 (taurochenodeoxycholate 6alpha-hydroxylase) inhibitor	enzyme	ec-code	1.14.13.97	1.14.13.97
CHEBI:86966	EC 3.4.21.92 (endopeptidase Clp) inhibitor	enzyme	ec-code	3.4.21.92	3.4.21.92
CHEBI:88285	EC 2.7.12.* [dual-specificity kinases (those acting on Ser/Thr and Tyr residues)] inhibitor	enzyme	ec-code	2.7.12	2.7.12
CHEBI:88286	EC 2.7.12.2 (mitogen-activated protein kinase kinase) inhibitor	enzyme	ec-code	2.7.12.2	2.7.12.2
CHEBI:90113	EC 1.1.1.170 [3beta-hydroxysteroid-4alpha-carboxylate 3-dehydrogenase (decarboxylating)] inhibitor	enzyme	ec-code	1.1.1.170	1.1.1.170
CHEBI:90190	EC 2.1.1.37 [DNA (cytosine-5-)-methyltransferase] inhibitor	enzyme	ec-code	2.1.1.37	2.1.1.37
CHEBI:90285	EC 4.1.1.23 (orotidine-5'-phosphate decarboxylase) inhibitor	enzyme	ec-code	4.1.1.23	4.1.1.23
CHEBI:90318	EC 6.4.1.1 (pyruvate carboxylase) inhibitor	enzyme	ec-code	6.4.1.1	6.4.1.1
CHEBI:90365	EC 4.6.1.1 (adenylate cyclase) inhibitor	enzyme	ec-code	4.6.1.1	4.6.1.1
CHEBI:90689	EC 5.3.1.* (intramolecular oxidoreductase interconverting aldoses and ketoses) inhibitor	enzyme	ec-code	5.3.1	5.3.1
CHEBI:90691	EC 5.3.1.1 (triose-phosphate isomerase) inhibitor	enzyme	ec-code	5.3.1.1	5.3.1.1
CHEBI:90878	EC 2.4.2.4 (thymidine phosphorylase) inhibitor	enzyme	ec-code	2.4.2.4	2.4.2.4
CHEBI:90920	EC 1.8.5.* (oxidoreductase acting on sulfur group donors, quinone or similar as acceptor) inhibitor	enzyme	ec-code	1.8.5	1.8.5
CHEBI:90921	EC 1.8.5.4 (sulfide:quinone reductase) inhibitor	enzyme	ec-code	1.8.5.4	1.8.5.4
CHEBI:91092	EC 2.7.11.26 (tau-protein kinase) inhibitor	enzyme	ec-code	2.7.11.26	2.7.11.26
CHEBI:91141	EC 1.1.5.3 (glycerol-3-phosphate dehydrogenase) inhibitor	enzyme	ec-code	1.1.5.3	1.1.5.3
CHEBI:91142	EC 1.1.5.* (oxidoreductase acting on donor CH-OH group, quinone or similar compound as acceptor) inhibitor	enzyme	ec-code	1.1.5	1.1.5
